Description,Start Bid,Pic
Vintage Gorham Fine Crystal Bowl Germany,24.99,
Lucchese 2000 Cowboy Western Boots Burgundy Brown Leather Mens Size 10.5 D,44.95,
"1 Month in Belize Gorgeous 1 bedroom suite, Modern, near beach-GB
3 guests · 1 bedroom · 2 beds · 1 private bath
Air conditioning · Wifi · Pool · Kitchen","1,000",
"Two tickets:Baltimore Ravens vs. Pittsburgh SteelersSun • Dec 29 • 1:00 PM  M&T Bank Stadium, Baltimore, MD Sec 521 9&10
NFL Logo",100 for both,
"60,000 Points. Use anytime anywhere.",300,
2020 Toyota Supra,50000,
"Google PixelBook, intel i5, 8GB ram. 128 GB SSD drive",598,
"Dinner for 2, Alcohol not included",80,
Two season tickets 20-21 Orchestra,250 - 4 pairs available,
Kubota M5040 4x4 Loader Tractor,4500,
100% NATURAL EFFECT 3Ct Diamond 14K White Gold Engagement Wedding Ring R3-1 ,600,
2007 Sea Ray,"13,000",
Star Trek Next Generation TNG Geordi La Forge Visor Costume Prop Cos Play,23,
15 Bottles of International Red Blends from Wine Insiders ,200,
25 Pints at Jilly's Bat & Grill - choice of anything on tap,75,